-- MySQL Script generated by MySQL Workbench
-- 06/20/22 21:37:31
-- Model: New Model    Version: 1.0
-- MySQL Workbench Forward Engineering

SET @OLD_UNIQUE_CHECKS=@@UNIQUE_CHECKS, UNIQUE_CHECKS=0;
SET @OLD_FOREIGN_KEY_CHECKS=@@FOREIGN_KEY_CHECKS, FOREIGN_KEY_CHECKS=0;
SET @OLD_SQL_MODE=@@SQL_MODE, SQL_MODE='TRADITIONAL,ALLOW_INVALID_DATES';

-- -----------------------------------------------------
-- Schema mydb
-- -----------------------------------------------------
-- -----------------------------------------------------
-- Schema equipe473532
-- -----------------------------------------------------

-- -----------------------------------------------------
-- Schema equipe473532
-- -----------------------------------------------------
CREATE SCHEMA IF NOT EXISTS `equipe473532` DEFAULT CHARACTER SET utf8mb4 ;
USE `equipe473532` ;

-- -----------------------------------------------------
-- Table `equipe473532`.`categoria`
-- -----------------------------------------------------
CREATE TABLE IF NOT EXISTS `equipe473532`.`categoria` (
  `codigo_da_categoria` INT NOT NULL AUTO_INCREMENT,
  `descricao` VARCHAR(60) NOT NULL,
  PRIMARY KEY (`codigo_da_categoria`))
ENGINE = InnoDB
DEFAULT CHARACTER SET = utf8mb4;


-- -----------------------------------------------------
-- Table `equipe473532`.`cursos`
-- -----------------------------------------------------
CREATE TABLE IF NOT EXISTS `equipe473532`.`cursos` (
  `cod_curso` INT NOT NULL,
  `nome_curso` VARCHAR(45) NOT NULL,
  PRIMARY KEY (`cod_curso`))
ENGINE = InnoDB;


-- -----------------------------------------------------
-- Table `equipe473532`.`usuarios`
-- -----------------------------------------------------
CREATE TABLE IF NOT EXISTS `equipe473532`.`usuarios` (
  `id` INT NOT NULL,
  `login` VARCHAR(45) NOT NULL,
  `senha` VARCHAR(45) NOT NULL,
  `tipo_usuario` VARCHAR(45) NOT NULL,
  PRIMARY KEY (`id`))
ENGINE = InnoDB;


-- -----------------------------------------------------
-- Table `equipe473532`.`alunos`
-- -----------------------------------------------------
CREATE TABLE IF NOT EXISTS `equipe473532`.`alunos` (
  `matricula_aluno` INT NOT NULL,
  `nome` VARCHAR(45) NOT NULL,
  `cod_curso` INT NOT NULL,
  `endereco` VARCHAR(45) NOT NULL,
  `data_de_ingresso` DATE NOT NULL,
  `data_de_conclusao_prevista` DATE NOT NULL,
  `id_usuario` INT NOT NULL,
  PRIMARY KEY (`matricula_aluno`, `id_usuario`),
  INDEX `cod_curso_idx` (`cod_curso` ASC),
  INDEX `fk_alunos_usuarios1_idx` (`id_usuario` ASC),
  CONSTRAINT `cod_curso`
    FOREIGN KEY (`cod_curso`)
    REFERENCES `equipe473532`.`cursos` (`cod_curso`)
    ON DELETE NO ACTION
    ON UPDATE NO ACTION,
  CONSTRAINT `fk_alunos_usuarios1`
    FOREIGN KEY (`id_usuario`)
    REFERENCES `equipe473532`.`usuarios` (`id`)
    ON DELETE NO ACTION
    ON UPDATE NO ACTION)
ENGINE = InnoDB;


-- -----------------------------------------------------
-- Table `equipe473532`.`telefones_alunos`
-- -----------------------------------------------------
CREATE TABLE IF NOT EXISTS `equipe473532`.`telefones_alunos` (
  `telefone_ID` INT NOT NULL,
  `numero_telefone` VARCHAR(45) NOT NULL,
  `matricula_aluno` INT NOT NULL,
  PRIMARY KEY (`telefone_ID`),
  INDEX `matricula_aluno_idx` (`matricula_aluno` ASC),
  CONSTRAINT `matricula_aluno`
    FOREIGN KEY (`matricula_aluno`)
    REFERENCES `equipe473532`.`alunos` (`matricula_aluno`)
    ON DELETE NO ACTION
    ON UPDATE NO ACTION)
ENGINE = InnoDB;


-- -----------------------------------------------------
-- Table `equipe473532`.`professores`
-- -----------------------------------------------------
CREATE TABLE IF NOT EXISTS `equipe473532`.`professores` (
  `mat_siape` INT NOT NULL,
  `nome` VARCHAR(45) NOT NULL,
  `endereco` VARCHAR(45) NULL DEFAULT NULL,
  `telefone_celular` VARCHAR(45) NULL DEFAULT NULL,
  `codigo_curso` INT NOT NULL,
  `data_de_contratacao` DATE NOT NULL,
  `regime_de_trabalho` ENUM('20h', '40h', 'DE') NOT NULL,
  PRIMARY KEY (`mat_siape`),
  INDEX `cod_curso_idx` (`codigo_curso` ASC) VISIBLE,
  CONSTRAINT `codigo_curso`
    FOREIGN KEY (`codigo_curso`)
    REFERENCES `equipe473532`.`cursos` (`cod_curso`)
    ON DELETE NO ACTION
    ON UPDATE NO ACTION)
ENGINE = InnoDB;


-- -----------------------------------------------------
-- Table `equipe473532`.`funcionarios`
-- -----------------------------------------------------
CREATE TABLE IF NOT EXISTS `equipe473532`.`funcionarios` (
  `matricula_funcionario` INT NOT NULL,
  `nome` VARCHAR(45) NOT NULL,
  `endereco` VARCHAR(45) NOT NULL,
  `id_usuario` INT NOT NULL,
  PRIMARY KEY (`matricula_funcionario`, `id_usuario`),
  INDEX `fk_funcionarios_usuarios1_idx` (`id_usuario` ASC),
  CONSTRAINT `fk_funcionarios_usuarios1`
    FOREIGN KEY (`id_usuario`)
    REFERENCES `equipe473532`.`usuarios` (`id`)
    ON DELETE NO ACTION
    ON UPDATE NO ACTION)
ENGINE = InnoDB;


-- -----------------------------------------------------
-- Table `equipe473532`.`telefones_funcionarios`
-- -----------------------------------------------------
CREATE TABLE IF NOT EXISTS `equipe473532`.`telefones_funcionarios` (
  `telefone_ID` INT NOT NULL,
  `numero_telefone` VARCHAR(45) NOT NULL,
  `matricula_funcionario` INT NOT NULL,
  PRIMARY KEY (`telefone_ID`),
  INDEX `matricula_funcionario_idx` (`matricula_funcionario` ASC),
  CONSTRAINT `matricula_funcionario`
    FOREIGN KEY (`matricula_funcionario`)
    REFERENCES `equipe473532`.`funcionarios` (`matricula_funcionario`)
    ON DELETE NO ACTION
    ON UPDATE NO ACTION)
ENGINE = InnoDB;


-- -----------------------------------------------------
-- Table `equipe473532`.`autores`
-- -----------------------------------------------------
CREATE TABLE IF NOT EXISTS `equipe473532`.`autores` (
  `email` VARCHAR(60) NOT NULL,
  `nome` VARCHAR(60) NOT NULL,
  `nacionalidade` VARCHAR(40) NOT NULL,
  PRIMARY KEY (`email`))
ENGINE = InnoDB;


-- -----------------------------------------------------
-- Table `equipe473532`.`livros`
-- -----------------------------------------------------
CREATE TABLE IF NOT EXISTS `equipe473532`.`livros` (
  `ISBN` BIGINT NOT NULL,
  `titulo` VARCHAR(90) NOT NULL,
  `ano_lancamento` YEAR NOT NULL,
  `editora` VARCHAR(50) NOT NULL,
  `quantidade_copias` BIGINT NOT NULL,
  `categoria_codigo_da_categoria` INT NOT NULL,
  `autores` VARCHAR(200) NOT NULL,
  PRIMARY KEY (`ISBN`),
  UNIQUE INDEX `ISBN_UNIQUE` (`ISBN` ASC) VISIBLE,
  INDEX `fk_livros_categoria1_idx` (`categoria_codigo_da_categoria` ASC) VISIBLE,
  CONSTRAINT `fk_livros_categoria1`
    FOREIGN KEY (`categoria_codigo_da_categoria`)
    REFERENCES `equipe473532`.`categoria` (`codigo_da_categoria`))
ENGINE = InnoDB;


-- -----------------------------------------------------
-- Table `equipe473532`.`Escreve`
-- -----------------------------------------------------
CREATE TABLE IF NOT EXISTS `equipe473532`.`Escreve` (
  `autores_email` VARCHAR(60) NOT NULL,
  `livros_ISBN` BIGINT NOT NULL,
  PRIMARY KEY (`autores_email`, `livros_ISBN`),
  INDEX `fk_autores_has_livros_livros1_idx` (`livros_ISBN` ASC),
  INDEX `fk_autores_has_livros_autores1_idx` (`autores_email` ASC),
  CONSTRAINT `fk_autores_has_livros_autores1`
    FOREIGN KEY (`autores_email`)
    REFERENCES `equipe473532`.`autores` (`email`)
    ON DELETE NO ACTION
    ON UPDATE NO ACTION,
  CONSTRAINT `fk_autores_has_livros_livros1`
    FOREIGN KEY (`livros_ISBN`)
    REFERENCES `equipe473532`.`livros` (`ISBN`)
    ON DELETE NO ACTION
    ON UPDATE NO ACTION)
ENGINE = InnoDB;


-- -----------------------------------------------------
-- Table `equipe473532`.`reserva`
-- -----------------------------------------------------
CREATE TABLE IF NOT EXISTS `equipe473532`.`reserva` (
  `usuarios_id` INT NOT NULL,
  `livros_ISBN` BIGINT NOT NULL,
  `atendida` TINYINT(1) NOT NULL,
  `data_reserva` DATE NOT NULL,
  PRIMARY KEY (`usuarios_id`, `livros_ISBN`),
  INDEX `fk_usuarios_has_livros_livros1_idx` (`livros_ISBN` ASC),
  INDEX `fk_usuarios_has_livros_usuarios1_idx` (`usuarios_id` ASC),
  CONSTRAINT `fk_usuarios_has_livros_livros1`
    FOREIGN KEY (`livros_ISBN`)
    REFERENCES `equipe473532`.`livros` (`ISBN`),
    ON DELETE NO ACTION
    ON UPDATE NO ACTION,
  CONSTRAINT `fk_usuarios_has_livros_usuarios1`
    FOREIGN KEY (`usuarios_id`)
    REFERENCES `equipe473532`.`usuarios` (`id`)
    ON DELETE NO ACTION
    ON UPDATE NO ACTION)
ENGINE = InnoDB


SET SQL_MODE=@OLD_SQL_MODE;
SET FOREIGN_KEY_CHECKS=@OLD_FOREIGN_KEY_CHECKS;
SET UNIQUE_CHECKS=@OLD_UNIQUE_CHECKS;


-- -----------------------------------------------------
-- Povoamento das tabelas
-- -----------------------------------------------------

-- -----------------------------------------------------
-- Povoando a tabela de categoria
-- -----------------------------------------------------

INSERT INTO categoria VALUES(1, 'Ação');
INSERT INTO categoria VALUES(2, 'Ficção');
INSERT INTO categoria VALUES(3, 'Romance');
INSERT INTO categoria VALUES(4, 'Infantil');
INSERT INTO categoria VALUES(5, 'Fantasia');
INSERT INTO categoria VALUES(6, 'Auto-Ajuda');
INSERT INTO categoria VALUES(7, 'Administração');
INSERT INTO categoria VALUES(8, 'Terror');

-- -----------------------------------------------------
-- Povoando a tabela de Autores 
-- -----------------------------------------------------

INSERT INTO autores VALUES('anabeatrizbarbosa@hotmail.com', 'Ana Beatriz Barbosa Silva', 'Brasileira');
INSERT INTO autores VALUES('suzannecollins@hotmail.com','Suzanne Collins', 'Americana');
INSERT INTO autores VALUES('jkrowling@hotmail.com','J. K. Rowling', 'Britanica');
INSERT INTO autores VALUES('rhondabyrne@hotmail.com','Rhonda Byrne', 'Australiana');
INSERT INTO autores VALUES('thalitareboucas@hotmail.com','Thalita Rebouças', 'Brasileira');

-- -----------------------------------------------------
-- Povoando a tabela de LIVROS 
-- ----------------------------------------------------

INSERT INTO livros VALUES(9788525058393, 'Mentes Inquietas', 2009, 'Principium ', 105000 , 6, 'Ana Beatriz Barbosa Silva');
INSERT INTO livros VALUES(9788543101972, 'O Segredo', 2006, 'Editora Sextante',35000000, 6, 'Rhonda Byrne');
INSERT INTO livros VALUES(9788532530783, 'Harry Potter e a Pedra Filosofal', 1997, 'Rocco', 400000000 , 2, 'J. K. Rowling');
INSERT INTO livros VALUES(9789722342391, 'Os jogos da fome', 2009, 'Editorial Presenca', 60000000, 1, 'Suzanne Collins');
INSERT INTO livros VALUES(9788579800511, 'Ela disse, Ele disse', 2011, 'Rocco Jovens Leitores', 930000, 3, 'Thalita Rebouças');

-- -----------------------------------------------------
-- Povoando a tabela de ESCREVE 
-- ----------------------------------------------------

INSERT INTO escreve VALUES ('anabeatrizbarbosa@hotmail.com', 9788525058393);
INSERT INTO escreve VALUES('thalitareboucas@hotmail.com', 9788579800511);
INSERT INTO escreve VALUES('jkrowling@hotmail.com', 9788532530783);
INSERT INTO escreve VALUES('suzannecollins@hotmail.com', 9789722342391);
INSERT INTO escreve VALUES('rhondabyrne@hotmail.com', 9788543101972);

-- -----------------------------------------------------
-- Povoando a tabela de Cursos 
-- -----------------------------------------------------

INSERT INTO cursos VALUES(01, 'Engenharia de Computação');
INSERT INTO cursos VALUES(02, 'Engenharia Elétrica');
INSERT INTO cursos VALUES(03, 'Psicologia');
INSERT INTO cursos VALUES(04, 'Medicina');
INSERT INTO cursos VALUES(05, 'Artes Cênicas');
INSERT INTO cursos VALUES(06, 'Filosofia');

-- -----------------------------------------------------
-- Povoando a tabela de Usuarios
-- -----------------------------------------------------
INSERT INTO usuarios VALUES(01, 'Admin', 'root', 'administrador');
INSERT INTO usuarios VALUES(02, 'claraC', 'cla202', 'bibliotecario');
INSERT INTO usuarios VALUES(03, 'samualM', 'samu222', 'alunos');
INSERT INTO usuarios VALUES(04, 'raissaR', 'rai569', 'alunos');
INSERT INTO usuarios VALUES(05, 'natanielN', 'natan036', 'alunos');
INSERT INTO usuarios VALUES(06, 'andreA', 'andre378', 'alunos');
INSERT INTO usuarios VALUES(07, 'virginiaV', 'vi459', 'alunos');
INSERT INTO usuarios VALUES(08, 'lucasL', 'lucas941', 'alunos');
INSERT INTO usuarios VALUES(09, 'leviL', 'levi058', 'funcionarios');
INSERT INTO usuarios VALUES(10, 'paulaP', 'paula654', 'funcionarios');
INSERT INTO usuarios VALUES(11, 'sandroS', 'sandro875', 'funcionarios');
INSERT INTO usuarios VALUES(12, 'iolandaI', 'iol369', 'funcionarios');
INSERT INTO usuarios VALUES(13, 'rebecaR', 'reb147', 'funcionarios');
INSERT INTO usuarios VALUES(14, 'yagoY', 'yago258', 'funcionarios');

-- -----------------------------------------------------
-- Povoando a tabela de Funcionarios
-- -----------------------------------------------------

INSERT INTO funcionarios VALUES(498756, 'Levi Vaz Sousa', 'Rua A', 09);
INSERT INTO funcionarios VALUES(421589, 'Paula Amorim Ferreira', 'Rua B', 10);
INSERT INTO funcionarios VALUES(432517, 'Sandro Meneses Moura', 'Rua C', 11);
INSERT INTO funcionarios VALUES(406731, 'Iolanda Rodrigues Silva', 'Rua D', 12);
INSERT INTO funcionarios VALUES(457328, 'Rebeca Fragoso Mesquita', 'Rua E', 13);
INSERT INTO funcionarios VALUES(416574, 'Yago Pires Cardoso', 'Rua F', 14);

-- -----------------------------------------------------
-- Povoando a tabela de Telefones_Funcionarios
-- -----------------------------------------------------

INSERT INTO telefones_funcionarios VALUES(001, '+5502185994367854', 406731);
INSERT INTO telefones_funcionarios VALUES(002, '+5502185992587941', 406731);
INSERT INTO telefones_funcionarios VALUES(003, '+5502185991369428', 432517);
INSERT INTO telefones_funcionarios VALUES(004, '+5502185994798203', 432517);
INSERT INTO telefones_funcionarios VALUES(005, '+5502185992009866', 457328);
INSERT INTO telefones_funcionarios VALUES(006, '+5502185994362069', 457328);

-- -----------------------------------------------------
-- Povoando a tabela de Professores
-- -----------------------------------------------------
INSERT INTO professores VALUES(000001, 'Priscila Cachoeira Velasco', 'Rua G', '+5504188975498632', 01, '2016-04-03', 'DE');
INSERT INTO professores VALUES(000002, 'Janilson Toscano Freire', 'Rua H', '+5504188964821975', 02, '2008-09-24', 'DE');
INSERT INTO professores VALUES(000003, 'Manuela Lagos Peixoto', 'Rua I', '+5504188998547135', 03, '2011-01-17', '20h');
INSERT INTO professores VALUES(000004, 'Reinaldo Reino Ponte', 'Rua J', '+5504188935748912', 04, '2008-05-16', '20h');
INSERT INTO professores VALUES(000005, 'Melina Rodrigues Mondragão', 'Rua K', '+5504188958497621', 05, '2008-08-23', '40h');
INSERT INTO professores VALUES(000006, 'Silvana Serro Lampreia', 'Rua L', '+5504188974851296', 06, '2008-10-02', '40h');
-- -----------------------------------------------------
-- Povoando a tabela de Alunos
-- -----------------------------------------------------
INSERT INTO alunos VALUES(0000001, 'Samuel Falcão Xavier', 01, 'Rua A', '2015-02-25', '2019-12-31', 03);
INSERT INTO alunos VALUES(0000002, 'Raíssa Frois Camarinho', 02, 'Rua B', '2016-07-25', '2021-07-15', 04);
INSERT INTO alunos VALUES(0000003, 'Nataniel Sardo Grilo', 03, 'Rua C', '2016-02-25', '2020-12-31', 05);
INSERT INTO alunos VALUES(0000004, 'André Mourão Taveiros', 04, 'Rua D', '2017-02-25', '2022-12-31', 06);
INSERT INTO alunos VALUES(0000005, 'Virgínia Vaz Caeira', 05, 'Rua E', '2018-07-25', '2022-07-15', 07);
INSERT INTO alunos VALUES(0000006, 'Lucas Dantas Abranches', 06, 'Rua F', '2019-02-25', '2022-12-31', 08);

-- -----------------------------------------------------
-- Povoando a tabela de Telefones_Alunos
-- -----------------------------------------------------
INSERT INTO telefones_alunos VALUES(001, '+5504188912345678', 0000001);
INSERT INTO telefones_alunos VALUES(002, '+5504188998765432', 0000001);
INSERT INTO telefones_alunos VALUES(003, '+5504188951697843', 0000002);
INSERT INTO telefones_alunos VALUES(004, '+5504188961475298', 0000003);
INSERT INTO telefones_alunos VALUES(005, '+5504188995387459', 0000004);
INSERT INTO telefones_alunos VALUES(006, '+5504188994381576', 0000005);
INSERT INTO telefones_alunos VALUES(007, '+5504188957894314', 0000006);
